{"cameraMode":{"drawMode":0,"name":"Shaded","section":"Shading Mode"},"sceneLighting":true,"audioPlay":false,"sceneViewState":{"showFog":true,"showMaterialUpdate":false,"showSkybox":true,"showFlares":true,"showImageEffects":true,"showParticleSystems":true,"showVisualEffectGraphs":true,"m_FxEnabled":true},"in2DMode":false,"pivot":{"x":-2.3518524169921877,"y":-107.78231811523438,"z":52.166202545166019},"rotation":{"x":-0.47004562616348269,"y":-0.012997785583138466,"z":0.006131340283900499,"w":-0.8826656937599182},"size":109.16796112060547,"orthographic":false}