{"cameraMode":{"drawMode":0,"name":"Shaded","section":"Shading Mode"},"sceneLighting":true,"audioPlay":false,"sceneViewState":{"showFog":true,"showMaterialUpdate":false,"showSkybox":true,"showFlares":true,"showImageEffects":true,"showParticleSystems":true,"showVisualEffectGraphs":true,"m_FxEnabled":true},"in2DMode":false,"pivot":{"x":-3.0667243003845217,"y":-120.79812622070313,"z":51.10287094116211},"rotation":{"x":-0.48457661271095278,"y":0.004164682235568762,"z":-0.0031046441290527584,"w":-0.8748754262924194},"size":122.82355499267578,"orthographic":false}