{"cameraMode":{"drawMode":0,"name":"Shaded","section":"Shading Mode"},"sceneLighting":true,"audioPlay":false,"sceneViewState":{"showFog":true,"showMaterialUpdate":false,"showSkybox":true,"showFlares":true,"showImageEffects":true,"showParticleSystems":true,"showVisualEffectGraphs":true,"m_FxEnabled":true},"in2DMode":false,"pivot":{"x":0.8799960613250732,"y":-59.7707633972168,"z":111.39946746826172},"rotation":{"x":-0.23658713698387147,"y":-0.0025043433997780086,"z":-0.0003526350774336606,"w":-0.9717337489128113},"size":134.1263885498047,"orthographic":false}